customer_id,first_name,last_name,email,signup_date,age,gender,city,country
C100001,Taylor,Martinez,user1@example.com,2025-03-10,57,Female,New York,United Kingdom
C100002,Cameron,Johnson,user2@example.com,2025-10-31,53,Female,Los Angeles,United States
C100003,Riley,Wilson,user3@example.com,2025-09-10,36,Male,San Francisco,United Kingdom
C100004,Avery,Smith,user4@example.com,2023-03-02,56,Female,Seattle,United Kingdom
C100005,Riley,Martinez,user5@example.com,2024-02-10,44,Male,Atlanta,Australia
C100006,Chris,Martinez,user6@example.com,2023-09-27,57,Male,Dallas,United States
C100007,Taylor,Garcia,user7@example.com,2023-01-27,31,Female,San Francisco,United States
C100008,Jordan,Garcia,user8@example.com,2025-03-21,42,Female,Houston,Canada
C100009,Jordan,Smith,user9@example.com,2023-03-11,61,Female,San Francisco,Canada
C100010,Robin,Anderson,user10@example.com,2024-12-09,41,Female,Atlanta,Australia
C100011,Chris,Taylor,user11@example.com,2023-10-10,40,Male,Chicago,United Kingdom
C100012,Jamie,Garcia,user12@example.com,2025-01-14,46,Male,Los Angeles,Canada
C100013,Alex,Johnson,user13@example.com,2023-11-21,50,Male,Seattle,Canada
C100014,Chris,Davis,user14@example.com,2025-06-13,25,Male,Houston,United States
C100015,Pat,Lee,user15@example.com,2023-08-04,46,Male,Houston,United States
C100016,Morgan,Brown,user16@example.com,2024-02-03,59,Male,Miami,Canada
C100017,Robin,Lee,user17@example.com,2022-11-22,53,Male,Boston,United States
C100018,Riley,Lee,user18@example.com,2023-07-11,31,Male,Chicago,Australia
C100019,Jordan,Brown,user19@example.com,2024-11-17,64,Female,Houston,Canada
C100020,Cameron,Garcia,user20@example.com,2025-03-06,26,Female,Boston,United States
C100021,Sam,Smith,user21@example.com,2024-02-18,29,Male,Houston,Australia
C100022,Avery,Brown,user22@example.com,2025-10-18,64,Female,Los Angeles,United States
C100023,Jordan,Taylor,user23@example.com,2024-03-25,36,Female,Boston,United States
C100024,Robin,Taylor,user24@example.com,2024-09-30,45,Male,Atlanta,United States
C100025,Riley,Thomas,user25@example.com,2025-07-03,40,Female,Miami,Canada
C100026,Robin,Lopez,user26@example.com,2023-05-09,47,Female,Los Angeles,United Kingdom
C100027,Morgan,Anderson,user27@example.com,2025-06-15,21,Female,Atlanta,United States
C100028,Riley,Davis,user28@example.com,2024-09-17,62,Male,Seattle,Australia
C100029,Drew,Wilson,user29@example.com,2025-06-15,20,Female,Chicago,Canada
C100030,Sam,Garcia,user30@example.com,2024-05-16,55,Male,Chicago,Canada
C100031,Chris,Anderson,user31@example.com,2025-02-09,45,Female,Dallas,Australia
C100032,Drew,Brown,user32@example.com,2024-08-08,48,Female,Dallas,United States
C100033,Taylor,Lopez,user33@example.com,2022-11-21,40,Female,Boston,United Kingdom
C100034,Cameron,Wilson,user34@example.com,2025-02-18,30,Female,Chicago,United States
C100035,Sam,Davis,user35@example.com,2023-04-16,59,Female,Boston,Australia
C100036,Riley,Davis,user36@example.com,2023-11-23,30,Male,Dallas,Canada
C100037,Riley,Garcia,user37@example.com,2024-06-23,55,Male,Seattle,United Kingdom
C100038,Pat,Brown,user38@example.com,2023-09-12,58,Female,Houston,Canada
C100039,Lee,Anderson,user39@example.com,2022-11-14,59,Male,Atlanta,Australia
C100040,Pat,Smith,user40@example.com,2023-06-30,54,Male,San Francisco,United States
C100041,Casey,Anderson,user41@example.com,2024-12-16,53,Male,Boston,United Kingdom
C100042,Pat,Anderson,user42@example.com,2024-05-18,43,Male,Seattle,Canada
C100043,Alex,Davis,user43@example.com,2025-04-16,41,Female,Atlanta,Canada
C100044,Taylor,Smith,user44@example.com,2023-01-31,24,Female,Chicago,Canada
C100045,Drew,Smith,user45@example.com,2025-06-13,52,Female,Houston,United States
C100046,Morgan,Garcia,user46@example.com,2024-03-23,55,Female,Atlanta,United Kingdom
C100047,Drew,Wilson,user47@example.com,2024-12-15,39,Male,Miami,United States
C100048,Drew,Martinez,user48@example.com,2022-12-05,38,Male,Dallas,United States
C100049,Sam,Lee,user49@example.com,2023-05-25,54,Female,Atlanta,United States
C100050,Riley,Lee,user50@example.com,2025-08-22,62,Male,San Francisco,Australia
C100051,Casey,Davis,user51@example.com,2025-08-18,36,Female,Seattle,Australia
C100052,Casey,Martinez,user52@example.com,2024-05-19,64,Female,Houston,Australia
C100053,Morgan,Wilson,user53@example.com,2024-10-03,62,Male,Los Angeles,United Kingdom
C100054,Taylor,Martinez,user54@example.com,2023-12-07,53,Female,Atlanta,United States
C100055,Sam,Garcia,user55@example.com,2024-10-30,28,Female,New York,United States
C100056,Jordan,Anderson,user56@example.com,2023-04-11,45,Female,San Francisco,Australia
C100057,Robin,Davis,user57@example.com,2023-05-21,21,Male,San Francisco,United States
C100058,Pat,Smith,user58@example.com,2025-07-23,28,Male,New York,United States
C100059,Robin,Taylor,user59@example.com,2023-07-28,28,Female,Miami,Canada
C100060,Robin,Davis,user60@example.com,2025-01-24,59,Male,Los Angeles,United States
C100061,Chris,Lee,user61@example.com,2024-01-30,36,Male,Dallas,Canada
C100062,Robin,Wilson,user62@example.com,2025-08-13,20,Female,Seattle,United States
C100063,Casey,Martinez,user63@example.com,2023-08-23,44,Male,Houston,United Kingdom
C100064,Pat,Wilson,user64@example.com,2024-10-20,62,Female,Seattle,Australia
C100065,Pat,Garcia,user65@example.com,2023-10-04,59,Female,Los Angeles,Canada
C100066,Alex,Davis,user66@example.com,2025-03-28,61,Female,Seattle,Australia
C100067,Taylor,Brown,user67@example.com,2025-10-12,44,Male,New York,Canada
C100068,Chris,Davis,user68@example.com,2024-12-31,58,Female,San Francisco,Canada
C100069,Robin,Smith,user69@example.com,2023-06-05,54,Male,Seattle,Canada
C100070,Lee,Davis,user70@example.com,2024-12-03,22,Male,Boston,United Kingdom
C100071,Jordan,Lopez,user71@example.com,2023-05-07,56,Female,Atlanta,United States
C100072,Drew,Garcia,user72@example.com,2023-11-15,63,Male,Los Angeles,Canada
C100073,Riley,Johnson,user73@example.com,2024-03-07,63,Male,Miami,United Kingdom
C100074,Alex,Garcia,user74@example.com,2025-09-30,49,Female,Boston,Canada
C100075,Pat,Martinez,user75@example.com,2022-11-15,57,Male,New York,United States
C100076,Pat,Taylor,user76@example.com,2023-01-04,53,Male,Chicago,Canada
C100077,Jamie,Johnson,user77@example.com,2024-04-04,31,Female,New York,United Kingdom
C100078,Chris,Martinez,user78@example.com,2024-08-09,38,Female,Miami,United States
C100079,Robin,Martinez,user79@example.com,2025-10-22,56,Female,Miami,United Kingdom
C100080,Cameron,Smith,user80@example.com,2024-06-15,63,Male,Boston,United States
C100081,Chris,Smith,user81@example.com,2023-11-27,36,Male,Atlanta,United States
C100082,Jamie,Thomas,user82@example.com,2023-12-24,29,Male,Los Angeles,Australia
C100083,Avery,Anderson,user83@example.com,2023-08-16,31,Male,Dallas,Australia
C100084,Drew,Lee,user84@example.com,2023-11-14,35,Female,San Francisco,Australia
C100085,Chris,Anderson,user85@example.com,2023-06-19,43,Male,Boston,United States
C100086,Pat,Anderson,user86@example.com,2025-08-14,38,Male,Miami,Canada
C100087,Casey,Taylor,user87@example.com,2022-12-11,27,Female,Chicago,United Kingdom
C100088,Sam,Lee,user88@example.com,2025-09-17,50,Female,Houston,United Kingdom
C100089,Pat,Brown,user89@example.com,2023-03-15,40,Female,Miami,United Kingdom
C100090,Alex,Johnson,user90@example.com,2023-05-20,36,Male,Atlanta,Australia
C100091,Taylor,Wilson,user91@example.com,2024-12-19,42,Male,Atlanta,United States
C100092,Avery,Anderson,user92@example.com,2025-05-18,56,Male,Miami,Australia
C100093,Jamie,Taylor,user93@example.com,2025-09-22,35,Male,Atlanta,Canada
C100094,Jordan,Thomas,user94@example.com,2025-10-07,25,Female,Boston,United States
C100095,Riley,Davis,user95@example.com,2024-03-17,27,Female,Miami,United Kingdom
C100096,Jordan,Davis,user96@example.com,2023-12-12,44,Female,Miami,Australia
C100097,Cameron,Martinez,user97@example.com,2025-01-13,37,Female,Los Angeles,Australia
C100098,Pat,Lee,user98@example.com,2023-02-07,44,Male,San Francisco,Canada
C100099,Alex,Martinez,user99@example.com,2024-09-14,31,Female,Chicago,Canada
C100100,Robin,Taylor,user100@example.com,2024-10-26,34,Male,Atlanta,Australia
C100101,Pat,Lopez,user101@example.com,2025-06-18,45,Female,Los Angeles,Canada
C100102,Taylor,Lopez,user102@example.com,2024-07-05,60,Female,Dallas,United Kingdom
C100103,Casey,Thomas,user103@example.com,2024-08-04,64,Male,Dallas,Canada
C100104,Drew,Wilson,user104@example.com,2025-08-25,45,Male,Seattle,Canada
C100105,Lee,Smith,user105@example.com,2024-03-17,51,Other,Boston,Australia
C100106,Riley,Smith,user106@example.com,2024-12-06,29,Male,Boston,Australia
C100107,Taylor,Lee,user107@example.com,2023-12-03,35,Male,New York,United States
C100108,Jamie,Lee,user108@example.com,2025-03-20,26,Male,Chicago,United States
C100109,Robin,Anderson,user109@example.com,2025-01-03,36,Female,Miami,Australia
C100110,Jamie,Lopez,user110@example.com,2023-11-28,42,Female,Atlanta,Canada
C100111,Pat,Anderson,user111@example.com,2023-05-26,45,Female,Chicago,Canada
C100112,Alex,Smith,user112@example.com,2025-09-04,40,Male,Seattle,United States
C100113,Taylor,Johnson,user113@example.com,2025-04-10,41,Female,New York,United States
C100114,Morgan,Johnson,user114@example.com,2025-03-13,26,Male,Los Angeles,United States
C100115,Robin,Lee,user115@example.com,2024-11-12,33,Female,Chicago,United Kingdom
C100116,Cameron,Martinez,user116@example.com,2024-05-17,34,Female,Los Angeles,United Kingdom
C100117,Alex,Smith,user117@example.com,2025-08-17,26,Male,Dallas,United States
C100118,Casey,Johnson,user118@example.com,2023-02-04,28,Male,Atlanta,Canada
C100119,Robin,Smith,user119@example.com,2024-02-28,27,Male,Seattle,United States
C100120,Jamie,Garcia,user120@example.com,2023-06-19,42,Male,Miami,United Kingdom
C100121,Robin,Davis,user121@example.com,2024-11-18,48,Male,Atlanta,Canada
C100122,Lee,Lopez,user122@example.com,2024-04-24,37,Female,San Francisco,United Kingdom
C100123,Pat,Anderson,user123@example.com,2025-09-25,50,Female,Boston,Canada
C100124,Chris,Smith,user124@example.com,2024-04-08,49,Male,Seattle,United Kingdom
C100125,Jamie,Davis,user125@example.com,2024-05-31,58,Male,Chicago,Canada
C100126,Lee,Garcia,user126@example.com,2024-09-12,54,Male,Atlanta,Canada
C100127,Cameron,Anderson,user127@example.com,2024-05-10,37,Female,Houston,Canada
C100128,Avery,Smith,user128@example.com,2025-08-09,61,Male,Boston,Canada
C100129,Riley,Lee,user129@example.com,2024-08-07,58,Female,Boston,Australia
C100130,Sam,Davis,user130@example.com,2025-01-04,36,Female,Houston,United Kingdom
C100131,Chris,Anderson,user131@example.com,2025-09-17,33,Female,New York,United Kingdom
C100132,Pat,Smith,user132@example.com,2023-05-09,50,Female,New York,Australia
C100133,Morgan,Davis,user133@example.com,2024-07-25,43,Male,Houston,Canada
C100134,Chris,Garcia,user134@example.com,2024-07-20,54,Female,San Francisco,Canada
C100135,Riley,Smith,user135@example.com,2025-06-30,63,Male,Dallas,United Kingdom
C100136,Alex,Smith,user136@example.com,2024-10-10,64,Male,Houston,Australia
C100137,Morgan,Smith,user137@example.com,2024-08-10,53,Female,Dallas,Canada
C100138,Jamie,Thomas,user138@example.com,2023-09-14,22,Female,Atlanta,Canada
C100139,Morgan,Wilson,user139@example.com,2024-09-14,56,Female,San Francisco,Canada
C100140,Taylor,Thomas,user140@example.com,2024-08-25,62,Male,Seattle,United States
C100141,Riley,Lee,user141@example.com,2024-01-16,59,Male,Dallas,Australia
C100142,Avery,Garcia,user142@example.com,2024-05-17,45,Female,Boston,Canada
C100143,Robin,Thomas,user143@example.com,2025-06-09,42,Male,Atlanta,United States
C100144,Lee,Anderson,user144@example.com,2024-09-29,63,Female,Boston,Australia
C100145,Chris,Taylor,user145@example.com,2023-02-21,58,Female,San Francisco,Canada
C100146,Taylor,Wilson,user146@example.com,2022-11-02,34,Female,Dallas,United Kingdom
C100147,Drew,Martinez,user147@example.com,2024-08-03,23,Male,Los Angeles,United States
C100148,Morgan,Taylor,user148@example.com,2023-06-08,48,Male,San Francisco,United States
C100149,Taylor,Wilson,user149@example.com,2025-03-04,41,Male,San Francisco,Canada
C100150,Cameron,Lopez,user150@example.com,2023-11-20,44,Female,Los Angeles,Canada
C100151,Jordan,Lopez,user151@example.com,2025-10-12,32,Male,Atlanta,United States
C100152,Riley,Smith,user152@example.com,2024-10-30,37,Female,Dallas,United Kingdom
C100153,Lee,Wilson,user153@example.com,2023-07-05,52,Male,Dallas,United Kingdom
C100154,Casey,Martinez,user154@example.com,2025-02-13,35,Other,Boston,Australia
C100155,Alex,Wilson,user155@example.com,2023-05-22,64,Male,San Francisco,Canada
C100156,Morgan,Lee,user156@example.com,2023-03-03,61,Male,San Francisco,United Kingdom
C100157,Riley,Taylor,user157@example.com,2023-12-06,63,Male,Miami,Australia
C100158,Casey,Lee,user158@example.com,2024-12-06,21,Female,Seattle,United Kingdom
C100159,Casey,Martinez,user159@example.com,2023-08-21,54,Female,San Francisco,Canada
C100160,Drew,Wilson,user160@example.com,2023-08-07,61,Female,Chicago,Australia
C100161,Pat,Davis,user161@example.com,2025-04-02,53,Male,Seattle,Australia
C100162,Lee,Lee,user162@example.com,2023-05-17,49,Male,Chicago,Australia
C100163,Taylor,Lee,user163@example.com,2025-07-09,32,Female,Dallas,United Kingdom
C100164,Casey,Johnson,user164@example.com,2024-11-21,32,Male,Seattle,Canada
C100165,Jordan,Wilson,user165@example.com,2023-03-24,37,Male,San Francisco,Australia
C100166,Drew,Lee,user166@example.com,2024-07-01,51,Other,Los Angeles,United States
C100167,Riley,Thomas,user167@example.com,2023-05-06,51,Other,Boston,Canada
C100168,Drew,Garcia,user168@example.com,2024-02-07,54,Female,Chicago,United States
C100169,Sam,Wilson,user169@example.com,2024-08-21,58,Female,Seattle,United States
C100170,Sam,Lopez,user170@example.com,2024-12-03,48,Male,San Francisco,Australia
C100171,Robin,Johnson,user171@example.com,2025-06-12,48,Male,Seattle,Australia
C100172,Drew,Lee,user172@example.com,2023-12-08,63,Female,San Francisco,United Kingdom
C100173,Cameron,Johnson,user173@example.com,2023-03-27,35,Female,San Francisco,United Kingdom
C100174,Robin,Lopez,user174@example.com,2025-03-13,63,Male,San Francisco,United Kingdom
C100175,Morgan,Martinez,user175@example.com,2024-03-03,29,Male,Miami,Canada
C100176,Robin,Martinez,user176@example.com,2025-05-17,49,Male,Boston,United Kingdom
C100177,Jamie,Taylor,user177@example.com,2024-05-04,44,Female,Los Angeles,United States
C100178,Taylor,Wilson,user178@example.com,2023-10-04,58,Female,Los Angeles,United Kingdom
C100179,Jamie,Lopez,user179@example.com,2025-03-21,39,Female,Seattle,Australia
C100180,Casey,Brown,user180@example.com,2024-08-02,24,Male,Seattle,United Kingdom
C100181,Riley,Taylor,user181@example.com,2024-02-16,20,Other,San Francisco,Canada
C100182,Morgan,Brown,user182@example.com,2023-03-31,49,Female,Miami,Canada
C100183,Chris,Wilson,user183@example.com,2023-07-21,22,Male,San Francisco,United States
C100184,Casey,Smith,user184@example.com,2023-03-24,64,Male,Miami,Canada
C100185,Taylor,Johnson,user185@example.com,2023-10-12,33,Male,San Francisco,United Kingdom
C100186,Sam,Johnson,user186@example.com,2024-07-16,49,Male,Chicago,Australia
C100187,Lee,Martinez,user187@example.com,2025-08-13,23,Female,Chicago,Canada
C100188,Cameron,Brown,user188@example.com,2025-03-30,37,Male,Dallas,United States
C100189,Robin,Thomas,user189@example.com,2022-11-02,56,Female,San Francisco,United Kingdom
C100190,Pat,Anderson,user190@example.com,2025-04-15,44,Male,Boston,United States
C100191,Riley,Lee,user191@example.com,2023-07-12,20,Male,Dallas,Canada
C100192,Alex,Lee,user192@example.com,2024-01-27,34,Male,Seattle,Canada
C100193,Lee,Lee,user193@example.com,2025-09-26,28,Male,Atlanta,United States
C100194,Jamie,Martinez,user194@example.com,2025-08-11,34,Female,San Francisco,United Kingdom
C100195,Robin,Lopez,user195@example.com,2022-11-09,43,Female,Chicago,Canada
C100196,Morgan,Thomas,user196@example.com,2025-01-24,23,Female,Atlanta,Australia
C100197,Jamie,Davis,user197@example.com,2023-05-27,31,Female,Miami,Canada
C100198,Riley,Brown,user198@example.com,2023-12-09,56,Male,Atlanta,United Kingdom
C100199,Jamie,Thomas,user199@example.com,2023-04-01,56,Male,Boston,Canada
C100200,Riley,Taylor,user200@example.com,2022-12-24,62,Male,San Francisco,United States
C100201,Jamie,Brown,user201@example.com,2024-07-20,25,Female,Los Angeles,Canada
C100202,Lee,Thomas,user202@example.com,2024-06-09,58,Male,Atlanta,Canada
C100203,Drew,Anderson,user203@example.com,2023-02-12,43,Male,Los Angeles,United Kingdom
C100204,Jordan,Thomas,user204@example.com,2023-07-12,30,Female,Miami,United States
C100205,Lee,Thomas,user205@example.com,2024-03-24,32,Male,Dallas,United Kingdom
C100206,Drew,Thomas,user206@example.com,2023-02-07,53,Male,Los Angeles,Canada
C100207,Chris,Johnson,user207@example.com,2023-04-02,44,Male,Dallas,Australia
C100208,Casey,Smith,user208@example.com,2025-05-02,26,Female,Chicago,Canada
C100209,Casey,Wilson,user209@example.com,2025-03-27,23,Female,San Francisco,United Kingdom
C100210,Taylor,Taylor,user210@example.com,2023-10-04,27,Female,Atlanta,Australia
C100211,Cameron,Taylor,user211@example.com,2025-01-30,39,Male,Chicago,United Kingdom
C100212,Cameron,Johnson,user212@example.com,2025-06-14,48,Other,Chicago,United Kingdom
C100213,Robin,Lopez,user213@example.com,2023-04-10,64,Female,Houston,United States
C100214,Lee,Wilson,user214@example.com,2025-01-09,29,Male,New York,Australia
C100215,Lee,Brown,user215@example.com,2023-12-03,62,Female,Boston,Canada
C100216,Alex,Lopez,user216@example.com,2025-01-24,53,Male,Dallas,United Kingdom
C100217,Alex,Wilson,user217@example.com,2023-12-06,45,Female,Houston,Canada
C100218,Cameron,Anderson,user218@example.com,2024-08-01,60,Female,New York,United States
C100219,Taylor,Anderson,user219@example.com,2025-09-22,22,Male,Boston,United States
C100220,Pat,Garcia,user220@example.com,2024-09-18,25,Other,Dallas,Australia
C100221,Casey,Davis,user221@example.com,2024-02-03,24,Female,San Francisco,United States
C100222,Pat,Anderson,user222@example.com,2025-06-12,24,Female,Boston,United States
C100223,Robin,Brown,user223@example.com,2024-02-13,42,Male,Atlanta,Canada
C100224,Riley,Smith,user224@example.com,2025-09-11,28,Male,Chicago,United States
C100225,Cameron,Lee,user225@example.com,2024-11-19,54,Male,New York,United States
C100226,Cameron,Garcia,user226@example.com,2022-12-08,39,Female,New York,United Kingdom
C100227,Riley,Lee,user227@example.com,2023-06-18,61,Male,New York,United States
C100228,Avery,Taylor,user228@example.com,2024-05-16,54,Female,Dallas,United Kingdom
C100229,Sam,Thomas,user229@example.com,2024-01-12,37,Female,Atlanta,United States
C100230,Jamie,Davis,user230@example.com,2022-11-27,36,Male,Boston,United States
C100231,Alex,Taylor,user231@example.com,2023-06-14,43,Female,Chicago,Australia
C100232,Sam,Wilson,user232@example.com,2025-01-06,22,Male,Atlanta,Australia
C100233,Chris,Taylor,user233@example.com,2023-08-11,51,Other,Houston,United Kingdom
C100234,Taylor,Martinez,user234@example.com,2025-03-28,54,Female,San Francisco,United States
C100235,Taylor,Anderson,user235@example.com,2025-06-17,57,Male,Los Angeles,Canada
C100236,Riley,Smith,user236@example.com,2024-01-27,32,Male,Atlanta,Australia
C100237,Lee,Davis,user237@example.com,2025-08-16,44,Male,Houston,Canada
C100238,Casey,Lee,user238@example.com,2025-01-24,28,Female,Chicago,Australia
C100239,Pat,Garcia,user239@example.com,2024-08-20,23,Female,Los Angeles,Australia
C100240,Alex,Anderson,user240@example.com,2024-04-30,33,Female,Los Angeles,United States
C100241,Sam,Brown,user241@example.com,2025-10-08,56,Male,Atlanta,Australia
C100242,Pat,Anderson,user242@example.com,2022-11-17,53,Male,New York,Canada
C100243,Lee,Garcia,user243@example.com,2023-04-07,30,Male,Seattle,Australia
C100244,Sam,Garcia,user244@example.com,2024-02-20,60,Female,Chicago,United Kingdom
C100245,Cameron,Martinez,user245@example.com,2025-10-05,22,Female,New York,United States
C100246,Drew,Anderson,user246@example.com,2024-04-01,47,Male,Chicago,United States
C100247,Jamie,Taylor,user247@example.com,2023-02-07,48,Male,Seattle,United Kingdom
C100248,Chris,Anderson,user248@example.com,2025-09-26,28,Female,San Francisco,United Kingdom
C100249,Avery,Thomas,user249@example.com,2023-08-07,22,Female,Seattle,United Kingdom
C100250,Chris,Martinez,user250@example.com,2024-03-11,44,Female,Miami,Australia
C100251,Pat,Lopez,user251@example.com,2023-08-29,53,Female,Atlanta,United States
C100252,Pat,Lopez,user252@example.com,2023-04-30,31,Male,Atlanta,United Kingdom
C100253,Avery,Thomas,user253@example.com,2024-06-29,61,Male,Houston,Australia
C100254,Pat,Wilson,user254@example.com,2024-09-30,28,Female,New York,United Kingdom
C100255,Avery,Lopez,user255@example.com,2025-07-20,34,Female,Houston,Canada
C100256,Sam,Thomas,user256@example.com,2023-05-10,59,Male,Miami,Canada
C100257,Avery,Johnson,user257@example.com,2023-07-11,44,Female,Seattle,United States
C100258,Jamie,Taylor,user258@example.com,2025-07-08,24,Female,Atlanta,Australia
C100259,Avery,Anderson,user259@example.com,2025-05-16,30,Female,Dallas,Canada
C100260,Drew,Taylor,user260@example.com,2023-03-08,53,Female,Seattle,Canada
C100261,Cameron,Thomas,user261@example.com,2022-11-18,43,Male,Seattle,Australia
C100262,Avery,Smith,user262@example.com,2024-05-19,34,Female,Miami,United Kingdom
C100263,Jordan,Anderson,user263@example.com,2024-05-23,57,Female,San Francisco,Australia
C100264,Avery,Johnson,user264@example.com,2024-09-16,27,Female,Chicago,United Kingdom
C100265,Pat,Johnson,user265@example.com,2024-07-18,24,Female,Miami,Canada
C100266,Drew,Taylor,user266@example.com,2025-03-03,45,Female,Chicago,Canada
C100267,Casey,Lee,user267@example.com,2025-06-19,37,Male,Atlanta,Canada
C100268,Robin,Anderson,user268@example.com,2023-04-04,25,Female,Miami,United States
C100269,Drew,Davis,user269@example.com,2024-03-04,56,Female,Chicago,United States
C100270,Lee,Johnson,user270@example.com,2024-12-24,32,Female,Houston,United States
C100271,Robin,Smith,user271@example.com,2023-07-04,47,Female,Miami,Australia
C100272,Alex,Martinez,user272@example.com,2025-09-28,24,Female,Atlanta,Canada
C100273,Alex,Wilson,user273@example.com,2024-11-28,32,Male,Miami,Canada
C100274,Lee,Lee,user274@example.com,2024-04-21,36,Female,Atlanta,Australia
C100275,Drew,Martinez,user275@example.com,2025-05-09,59,Male,Miami,United States
C100276,Sam,Lee,user276@example.com,2023-12-13,64,Male,Chicago,Australia
C100277,Lee,Smith,user277@example.com,2024-04-08,51,Female,San Francisco,United States
C100278,Cameron,Taylor,user278@example.com,2025-02-05,48,Female,Boston,Canada
C100279,Robin,Garcia,user279@example.com,2025-04-21,22,Male,Chicago,United Kingdom
C100280,Robin,Anderson,user280@example.com,2022-12-06,59,Male,New York,United States
C100281,Pat,Thomas,user281@example.com,2024-09-15,53,Female,Los Angeles,Canada
C100282,Riley,Brown,user282@example.com,2022-11-20,59,Male,San Francisco,Canada
C100283,Taylor,Davis,user283@example.com,2023-09-17,46,Male,Houston,United Kingdom
C100284,Jordan,Martinez,user284@example.com,2024-03-26,32,Male,Seattle,Canada
C100285,Robin,Anderson,user285@example.com,2023-12-05,64,Male,Chicago,Canada
C100286,Casey,Davis,user286@example.com,2024-08-15,52,Male,Miami,United States
C100287,Lee,Garcia,user287@example.com,2025-06-29,25,Male,Chicago,United States
C100288,Jamie,Brown,user288@example.com,2024-02-14,43,Male,Dallas,United Kingdom
C100289,Avery,Davis,user289@example.com,2025-02-11,38,Female,San Francisco,United Kingdom
C100290,Riley,Davis,user290@example.com,2024-10-27,35,Female,Boston,Canada
C100291,Robin,Martinez,user291@example.com,2025-03-03,59,Female,Houston,United States
C100292,Lee,Lopez,user292@example.com,2022-12-21,47,Male,Dallas,United Kingdom
C100293,Chris,Brown,user293@example.com,2024-05-28,52,Male,Atlanta,United Kingdom
C100294,Riley,Anderson,user294@example.com,2023-03-30,60,Female,Dallas,Australia
C100295,Sam,Garcia,user295@example.com,2023-09-10,32,Male,Chicago,United Kingdom
C100296,Jordan,Brown,user296@example.com,2024-05-23,62,Female,Houston,Canada
C100297,Morgan,Taylor,user297@example.com,2023-09-01,64,Female,Chicago,United States
C100298,Morgan,Smith,user298@example.com,2024-09-12,44,Female,Atlanta,United Kingdom
C100299,Pat,Taylor,user299@example.com,2025-02-15,61,Male,Seattle,Australia
C100300,Pat,Lopez,user300@example.com,2025-10-13,55,Male,Houston,United States
C100301,Sam,Smith,user301@example.com,2025-07-30,46,Female,Seattle,United Kingdom
C100302,Jamie,Garcia,user302@example.com,2024-01-18,57,Male,San Francisco,Australia
C100303,Pat,Martinez,user303@example.com,2024-07-05,26,Female,San Francisco,United Kingdom
C100304,Taylor,Martinez,user304@example.com,2025-07-20,24,Female,Seattle,United States
C100305,Robin,Garcia,user305@example.com,2023-07-22,62,Other,San Francisco,United States
C100306,Jordan,Lee,user306@example.com,2025-10-12,64,Male,Houston,United States
C100307,Drew,Garcia,user307@example.com,2025-07-31,50,Female,Miami,Canada
C100308,Lee,Taylor,user308@example.com,2022-11-05,42,Female,New York,United Kingdom
C100309,Drew,Lopez,user309@example.com,2024-12-13,61,Male,San Francisco,Canada
C100310,Sam,Johnson,user310@example.com,2025-03-26,29,Male,San Francisco,United States
C100311,Alex,Martinez,user311@example.com,2025-07-19,51,Female,Chicago,Australia
C100312,Lee,Wilson,user312@example.com,2025-04-02,62,Male,Seattle,United Kingdom
C100313,Lee,Lopez,user313@example.com,2022-12-17,49,Male,Los Angeles,Canada
C100314,Chris,Thomas,user314@example.com,2025-03-16,58,Male,Boston,United Kingdom
C100315,Sam,Lopez,user315@example.com,2025-01-31,50,Female,Dallas,Australia
C100316,Sam,Lopez,user316@example.com,2025-05-24,37,Female,San Francisco,Canada
C100317,Morgan,Davis,user317@example.com,2024-08-17,55,Female,Dallas,United States
C100318,Casey,Lopez,user318@example.com,2023-07-27,21,Male,Houston,Canada
C100319,Drew,Martinez,user319@example.com,2023-11-05,33,Male,Los Angeles,United Kingdom
C100320,Jamie,Johnson,user320@example.com,2024-07-28,32,Female,Boston,United Kingdom
C100321,Casey,Johnson,user321@example.com,2024-08-18,48,Female,Seattle,United Kingdom
C100322,Avery,Lopez,user322@example.com,2023-02-28,31,Male,New York,United Kingdom
C100323,Taylor,Thomas,user323@example.com,2025-02-08,58,Female,Boston,United States
C100324,Cameron,Smith,user324@example.com,2025-10-17,21,Other,Boston,Canada
C100325,Avery,Martinez,user325@example.com,2024-11-10,51,Female,New York,United States
C100326,Alex,Martinez,user326@example.com,2023-02-25,32,Female,Miami,United States
C100327,Lee,Thomas,user327@example.com,2024-12-30,46,Female,Seattle,United States
C100328,Morgan,Brown,user328@example.com,2025-08-09,60,Male,Chicago,United Kingdom
C100329,Alex,Taylor,user329@example.com,2025-10-17,36,Female,Dallas,United Kingdom
C100330,Lee,Thomas,user330@example.com,2024-07-26,59,Other,San Francisco,United Kingdom
C100331,Taylor,Thomas,user331@example.com,2024-03-27,50,Male,Boston,Canada
C100332,Casey,Anderson,user332@example.com,2025-01-10,53,Female,Houston,Australia
C100333,Sam,Lee,user333@example.com,2024-05-13,43,Female,New York,United Kingdom
C100334,Pat,Thomas,user334@example.com,2024-03-02,64,Female,Dallas,Canada
C100335,Drew,Lee,user335@example.com,2025-04-15,54,Female,Los Angeles,United Kingdom
C100336,Pat,Smith,user336@example.com,2024-10-04,25,Female,New York,United Kingdom
C100337,Robin,Lee,user337@example.com,2024-06-03,38,Female,Los Angeles,United States
C100338,Riley,Brown,user338@example.com,2024-12-29,49,Male,Seattle,United States
C100339,Chris,Thomas,user339@example.com,2025-03-10,26,Female,Boston,United States
C100340,Jamie,Thomas,user340@example.com,2023-07-05,29,Male,Houston,Canada
C100341,Taylor,Garcia,user341@example.com,2023-04-03,60,Male,San Francisco,Australia
C100342,Chris,Lee,user342@example.com,2025-07-24,51,Male,Los Angeles,Australia
C100343,Robin,Martinez,user343@example.com,2024-09-27,53,Female,Dallas,Canada
C100344,Robin,Thomas,user344@example.com,2025-10-28,47,Male,Miami,United Kingdom
C100345,Jamie,Taylor,user345@example.com,2025-10-06,34,Female,Seattle,Canada
C100346,Cameron,Garcia,user346@example.com,2025-08-05,49,Female,Miami,United Kingdom
C100347,Lee,Lee,user347@example.com,2023-02-02,56,Female,Seattle,Canada
C100348,Chris,Martinez,user348@example.com,2025-06-15,48,Male,Chicago,Canada
C100349,Casey,Martinez,user349@example.com,2025-08-08,41,Female,Dallas,Canada
C100350,Jamie,Lopez,user350@example.com,2024-01-27,23,Female,Miami,Australia
C100351,Robin,Johnson,user351@example.com,2025-04-30,39,Female,Houston,United States
C100352,Casey,Smith,user352@example.com,2023-06-06,51,Male,Boston,Canada
C100353,Sam,Brown,user353@example.com,2024-02-17,55,Male,New York,Australia
C100354,Morgan,Davis,user354@example.com,2024-01-06,23,Male,San Francisco,United States
C100355,Casey,Thomas,user355@example.com,2023-10-07,46,Male,Boston,United States
C100356,Lee,Anderson,user356@example.com,2024-05-04,36,Male,Boston,Canada
C100357,Pat,Lee,user357@example.com,2023-10-23,31,Female,Seattle,United Kingdom
C100358,Chris,Lee,user358@example.com,2022-11-23,41,Male,Houston,United Kingdom
C100359,Lee,Garcia,user359@example.com,2024-04-05,36,Male,Seattle,United Kingdom
C100360,Riley,Garcia,user360@example.com,2025-01-10,29,Male,Atlanta,Canada
C100361,Drew,Anderson,user361@example.com,2024-12-01,20,Male,Los Angeles,United Kingdom
C100362,Jordan,Lee,user362@example.com,2024-01-16,41,Male,San Francisco,Australia
C100363,Robin,Wilson,user363@example.com,2024-12-08,45,Male,Los Angeles,Australia
C100364,Drew,Brown,user364@example.com,2025-08-12,37,Male,New York,Australia
C100365,Drew,Lee,user365@example.com,2024-03-30,33,Female,Atlanta,Australia
C100366,Jamie,Thomas,user366@example.com,2025-09-05,48,Other,Dallas,United States
C100367,Taylor,Johnson,user367@example.com,2024-12-31,31,Male,New York,Australia
C100368,Riley,Anderson,user368@example.com,2023-10-02,55,Male,New York,United Kingdom
C100369,Pat,Thomas,user369@example.com,2023-07-16,54,Female,Chicago,Canada
C100370,Casey,Wilson,user370@example.com,2024-03-11,31,Male,San Francisco,United Kingdom
C100371,Morgan,Brown,user371@example.com,2025-04-14,26,Male,Seattle,Australia
C100372,Lee,Lee,user372@example.com,2023-04-09,48,Female,Houston,United States
C100373,Sam,Davis,user373@example.com,2025-03-01,30,Male,Los Angeles,Australia
C100374,Jordan,Lopez,user374@example.com,2024-09-20,52,Female,New York,Canada
C100375,Alex,Thomas,user375@example.com,2023-11-15,25,Female,Los Angeles,United Kingdom
C100376,Riley,Johnson,user376@example.com,2025-06-14,34,Male,Los Angeles,Canada
C100377,Drew,Davis,user377@example.com,2024-09-21,51,Male,Dallas,Canada
C100378,Morgan,Taylor,user378@example.com,2025-10-02,30,Female,San Francisco,Canada
C100379,Alex,Garcia,user379@example.com,2023-08-12,42,Male,San Francisco,United Kingdom
C100380,Jordan,Thomas,user380@example.com,2023-12-02,45,Male,Miami,Australia
C100381,Taylor,Garcia,user381@example.com,2022-11-12,53,Female,Boston,Canada
C100382,Taylor,Lee,user382@example.com,2024-03-13,53,Female,San Francisco,United Kingdom
C100383,Chris,Garcia,user383@example.com,2024-11-23,48,Male,Los Angeles,United States
C100384,Avery,Taylor,user384@example.com,2022-12-05,23,Female,Seattle,United Kingdom
C100385,Jordan,Johnson,user385@example.com,2024-10-27,36,Male,Los Angeles,United States
C100386,Jordan,Brown,user386@example.com,2025-02-26,54,Female,Seattle,United Kingdom
C100387,Alex,Martinez,user387@example.com,2023-01-29,32,Female,Miami,Australia
C100388,Morgan,Smith,user388@example.com,2024-12-15,60,Female,Seattle,Canada
C100389,Lee,Anderson,user389@example.com,2024-06-27,58,Female,San Francisco,Australia
C100390,Jamie,Brown,user390@example.com,2025-06-27,34,Other,Dallas,United Kingdom
C100391,Avery,Martinez,user391@example.com,2025-08-18,48,Male,Seattle,Canada
C100392,Alex,Wilson,user392@example.com,2023-12-23,48,Female,Los Angeles,United States
C100393,Sam,Thomas,user393@example.com,2023-02-23,30,Male,Houston,United Kingdom
C100394,Drew,Thomas,user394@example.com,2024-07-09,51,Male,San Francisco,Canada
C100395,Taylor,Johnson,user395@example.com,2025-02-03,21,Male,Houston,United States
C100396,Drew,Thomas,user396@example.com,2023-12-18,33,Female,Atlanta,United States
C100397,Taylor,Davis,user397@example.com,2024-10-29,39,Other,Atlanta,Australia
C100398,Chris,Martinez,user398@example.com,2025-08-17,41,Male,Los Angeles,United Kingdom
C100399,Lee,Johnson,user399@example.com,2024-11-30,30,Male,Atlanta,United States
C100400,Sam,Lopez,user400@example.com,2024-09-06,46,Female,Boston,Canada
C100401,Taylor,Davis,user401@example.com,2024-01-31,22,Male,Miami,United States
C100402,Alex,Thomas,user402@example.com,2025-05-08,36,Male,San Francisco,United States
C100403,Sam,Garcia,user403@example.com,2023-05-11,63,Female,Houston,Australia
C100404,Alex,Taylor,user404@example.com,2024-11-08,47,Female,Los Angeles,Australia
C100405,Jamie,Garcia,user405@example.com,2025-07-05,48,Other,Boston,Canada
C100406,Jamie,Davis,user406@example.com,2025-08-05,40,Male,Los Angeles,Australia
C100407,Drew,Wilson,user407@example.com,2023-02-04,35,Male,Boston,United States
C100408,Taylor,Thomas,user408@example.com,2024-08-24,56,Female,Atlanta,United States
C100409,Taylor,Wilson,user409@example.com,2022-12-07,39,Female,Atlanta,Australia
C100410,Morgan,Wilson,user410@example.com,2023-08-06,25,Female,Seattle,United States
C100411,Jamie,Martinez,user411@example.com,2023-06-05,38,Female,Chicago,United States
C100412,Lee,Anderson,user412@example.com,2025-03-16,24,Male,Los Angeles,Canada
C100413,Lee,Martinez,user413@example.com,2025-03-22,22,Female,Seattle,Australia
C100414,Riley,Lee,user414@example.com,2023-01-01,20,Male,San Francisco,United States
C100415,Riley,Smith,user415@example.com,2024-06-18,57,Male,Seattle,Australia
C100416,Chris,Davis,user416@example.com,2024-10-29,34,Female,New York,Canada
C100417,Jamie,Brown,user417@example.com,2023-12-02,53,Male,Atlanta,Australia
C100418,Alex,Smith,user418@example.com,2024-09-29,54,Male,New York,United States
C100419,Alex,Lopez,user419@example.com,2025-09-08,44,Female,Los Angeles,Australia
C100420,Pat,Taylor,user420@example.com,2023-04-26,43,Male,Houston,United States
C100421,Sam,Martinez,user421@example.com,2023-12-01,31,Female,Houston,United States
C100422,Casey,Martinez,user422@example.com,2024-01-19,37,Male,San Francisco,United States
C100423,Drew,Johnson,user423@example.com,2023-01-15,34,Female,Seattle,Canada
C100424,Riley,Smith,user424@example.com,2023-07-23,63,Male,Houston,Australia
C100425,Drew,Johnson,user425@example.com,2024-01-29,35,Male,Boston,Canada
C100426,Taylor,Brown,user426@example.com,2024-10-18,46,Other,Boston,Australia
C100427,Chris,Johnson,user427@example.com,2024-11-04,27,Female,San Francisco,Canada
C100428,Lee,Smith,user428@example.com,2025-02-28,44,Female,Miami,United Kingdom
C100429,Casey,Davis,user429@example.com,2023-03-24,36,Male,Atlanta,United States
C100430,Jordan,Thomas,user430@example.com,2025-04-03,48,Female,Seattle,United States
C100431,Chris,Thomas,user431@example.com,2025-10-28,27,Female,Los Angeles,Canada
C100432,Jordan,Taylor,user432@example.com,2023-12-01,34,Female,Dallas,United Kingdom
C100433,Robin,Lopez,user433@example.com,2025-09-14,46,Female,Dallas,United States
C100434,Jamie,Martinez,user434@example.com,2025-06-05,26,Male,Dallas,Australia
C100435,Jordan,Brown,user435@example.com,2025-04-09,22,Male,Houston,Canada
C100436,Jordan,Martinez,user436@example.com,2024-05-22,48,Female,Miami,United States
C100437,Drew,Lee,user437@example.com,2025-09-28,63,Male,Miami,United States
C100438,Robin,Taylor,user438@example.com,2023-02-17,43,Male,Seattle,Canada
C100439,Morgan,Lopez,user439@example.com,2025-10-01,22,Female,Seattle,Canada
C100440,Cameron,Anderson,user440@example.com,2025-05-23,39,Female,Miami,Australia
C100441,Morgan,Johnson,user441@example.com,2023-12-03,34,Female,San Francisco,Australia
C100442,Morgan,Garcia,user442@example.com,2024-07-26,44,Female,Seattle,United States
C100443,Jamie,Smith,user443@example.com,2024-11-02,49,Female,San Francisco,United States
C100444,Casey,Martinez,user444@example.com,2023-06-23,33,Male,New York,Canada
C100445,Chris,Johnson,user445@example.com,2024-08-19,26,Male,Boston,United States
C100446,Chris,Brown,user446@example.com,2024-11-20,36,Male,Atlanta,United States
C100447,Avery,Martinez,user447@example.com,2024-06-10,63,Male,Seattle,Canada
C100448,Taylor,Anderson,user448@example.com,2025-08-29,39,Female,Miami,United States
C100449,Morgan,Thomas,user449@example.com,2025-06-11,55,Male,Boston,United States
C100450,Jamie,Lopez,user450@example.com,2024-03-06,28,Male,Boston,United Kingdom
C100451,Taylor,Taylor,user451@example.com,2025-05-01,57,Male,Chicago,Australia
C100452,Cameron,Lopez,user452@example.com,2023-04-19,41,Male,Miami,Canada
C100453,Sam,Thomas,user453@example.com,2025-06-03,21,Male,Atlanta,United Kingdom
C100454,Taylor,Martinez,user454@example.com,2025-01-03,43,Male,Miami,Australia
C100455,Drew,Brown,user455@example.com,2024-07-26,27,Male,Seattle,Australia
C100456,Drew,Lopez,user456@example.com,2022-11-29,30,Male,Los Angeles,Australia
C100457,Casey,Lopez,user457@example.com,2023-10-05,32,Male,New York,United Kingdom
C100458,Riley,Anderson,user458@example.com,2024-03-14,36,Female,San Francisco,United Kingdom
C100459,Jordan,Smith,user459@example.com,2024-03-25,27,Male,Los Angeles,Australia
C100460,Morgan,Brown,user460@example.com,2023-06-05,40,Male,New York,United States
C100461,Avery,Brown,user461@example.com,2025-10-29,37,Female,Los Angeles,United States
C100462,Robin,Davis,user462@example.com,2024-01-19,49,Male,San Francisco,United Kingdom
C100463,Avery,Thomas,user463@example.com,2025-03-25,37,Female,Houston,United Kingdom
C100464,Riley,Davis,user464@example.com,2023-04-16,50,Female,Miami,United Kingdom
C100465,Lee,Thomas,user465@example.com,2023-01-30,57,Male,Los Angeles,Australia
C100466,Taylor,Lopez,user466@example.com,2024-10-14,51,Female,Seattle,United States
C100467,Jamie,Thomas,user467@example.com,2022-12-09,30,Male,Atlanta,United Kingdom
C100468,Cameron,Garcia,user468@example.com,2023-04-22,64,Female,Dallas,United Kingdom
C100469,Jordan,Davis,user469@example.com,2024-08-14,44,Male,Seattle,Canada
C100470,Chris,Lopez,user470@example.com,2024-11-23,52,Female,San Francisco,Australia
C100471,Alex,Wilson,user471@example.com,2025-10-17,57,Male,Atlanta,Canada
C100472,Jordan,Lee,user472@example.com,2024-02-19,60,Female,Seattle,United States
C100473,Cameron,Lee,user473@example.com,2024-01-30,27,Female,Boston,Canada
C100474,Casey,Brown,user474@example.com,2025-02-06,30,Male,Miami,Canada
C100475,Lee,Garcia,user475@example.com,2025-04-13,41,Male,Atlanta,Canada
C100476,Casey,Anderson,user476@example.com,2025-08-21,43,Female,Boston,Australia
C100477,Cameron,Smith,user477@example.com,2023-11-22,60,Female,Seattle,United States
C100478,Drew,Davis,user478@example.com,2023-10-14,36,Male,New York,Canada
C100479,Taylor,Wilson,user479@example.com,2023-05-09,31,Female,Chicago,Australia
C100480,Sam,Lopez,user480@example.com,2024-03-19,51,Other,New York,United States
C100481,Drew,Garcia,user481@example.com,2025-02-01,34,Female,Miami,United Kingdom
C100482,Casey,Brown,user482@example.com,2025-05-17,35,Male,Atlanta,Canada
C100483,Casey,Taylor,user483@example.com,2025-05-22,41,Female,Atlanta,United States
C100484,Jamie,Davis,user484@example.com,2023-03-14,47,Male,Miami,Canada
C100485,Taylor,Garcia,user485@example.com,2022-12-28,39,Other,Boston,United Kingdom
C100486,Jordan,Davis,user486@example.com,2024-09-15,52,Female,Chicago,United States
C100487,Sam,Taylor,user487@example.com,2024-09-02,29,Male,Seattle,Australia
C100488,Riley,Smith,user488@example.com,2023-04-22,59,Female,San Francisco,United States
C100489,Alex,Smith,user489@example.com,2025-01-23,51,Male,New York,Australia
C100490,Morgan,Anderson,user490@example.com,2023-01-19,52,Other,New York,United States
C100491,Chris,Lee,user491@example.com,2025-04-04,21,Other,Dallas,Australia
C100492,Casey,Thomas,user492@example.com,2023-05-22,52,Female,Chicago,United Kingdom
C100493,Taylor,Johnson,user493@example.com,2024-12-03,52,Male,San Francisco,United Kingdom
C100494,Morgan,Johnson,user494@example.com,2022-12-17,60,Female,New York,United Kingdom
C100495,Drew,Davis,user495@example.com,2024-08-17,32,Male,San Francisco,United States
C100496,Chris,Taylor,user496@example.com,2024-02-14,49,Male,Seattle,United Kingdom
C100497,Cameron,Anderson,user497@example.com,2025-06-28,52,Female,Atlanta,Canada
C100498,Avery,Johnson,user498@example.com,2025-09-01,32,Male,San Francisco,United Kingdom
C100499,Chris,Thomas,user499@example.com,2024-11-05,45,Male,New York,Australia
C100500,Avery,Brown,user500@example.com,2024-12-23,41,Other,Boston,Australia
C100501,Riley,Johnson,user501@example.com,2025-06-25,58,Male,Chicago,Australia
C100502,Riley,Martinez,user502@example.com,2023-10-24,21,Male,Miami,United States
C100503,Drew,Lopez,user503@example.com,2025-06-29,57,Female,Los Angeles,Canada
C100504,Riley,Anderson,user504@example.com,2024-08-29,58,Male,Houston,United Kingdom
C100505,Robin,Brown,user505@example.com,2023-11-08,45,Female,Houston,Canada
C100506,Pat,Garcia,user506@example.com,2025-08-28,34,Other,Los Angeles,Canada
C100507,Pat,Brown,user507@example.com,2024-09-06,53,Female,San Francisco,Australia
C100508,Chris,Lee,user508@example.com,2023-01-29,61,Female,Chicago,Australia
C100509,Riley,Garcia,user509@example.com,2024-09-28,63,Male,San Francisco,Australia
C100510,Jamie,Wilson,user510@example.com,2024-04-23,59,Male,Miami,United States
C100511,Casey,Lopez,user511@example.com,2024-11-01,30,Female,Chicago,Canada
C100512,Morgan,Lopez,user512@example.com,2025-03-18,22,Female,Los Angeles,Canada
C100513,Morgan,Lopez,user513@example.com,2022-12-11,25,Female,San Francisco,United States
C100514,Pat,Taylor,user514@example.com,2024-11-09,28,Male,Dallas,United States
C100515,Chris,Lopez,user515@example.com,2024-03-16,25,Male,New York,United States
C100516,Drew,Davis,user516@example.com,2025-06-16,28,Male,Boston,Canada
C100517,Taylor,Lopez,user517@example.com,2025-05-17,58,Female,Atlanta,Canada
C100518,Jordan,Thomas,user518@example.com,2024-02-04,50,Male,Boston,Australia
C100519,Jordan,Lopez,user519@example.com,2024-11-01,51,Female,Miami,Australia
C100520,Pat,Lopez,user520@example.com,2024-11-21,60,Female,San Francisco,Canada
C100521,Cameron,Taylor,user521@example.com,2025-05-13,31,Male,Seattle,Australia
C100522,Taylor,Anderson,user522@example.com,2025-04-27,27,Female,Chicago,United States
C100523,Robin,Davis,user523@example.com,2023-11-25,27,Male,San Francisco,United Kingdom
C100524,Robin,Taylor,user524@example.com,2025-04-01,47,Female,Chicago,Australia
C100525,Pat,Smith,user525@example.com,2023-07-14,39,Female,Atlanta,Canada
C100526,Jordan,Brown,user526@example.com,2024-10-09,26,Female,Dallas,Australia
C100527,Cameron,Brown,user527@example.com,2024-01-24,30,Female,Boston,Australia
C100528,Taylor,Garcia,user528@example.com,2022-11-10,39,Male,New York,Australia
C100529,Cameron,Anderson,user529@example.com,2025-02-01,35,Male,Atlanta,United Kingdom
C100530,Riley,Martinez,user530@example.com,2025-01-06,23,Female,Atlanta,United States
C100531,Chris,Brown,user531@example.com,2025-03-26,25,Male,Boston,Canada
C100532,Drew,Johnson,user532@example.com,2025-08-25,41,Male,Atlanta,United Kingdom
C100533,Morgan,Martinez,user533@example.com,2025-08-12,45,Male,Seattle,Canada
C100534,Jamie,Lopez,user534@example.com,2023-11-09,22,Female,Seattle,Canada
C100535,Sam,Lopez,user535@example.com,2025-10-24,60,Male,Houston,Canada
C100536,Avery,Davis,user536@example.com,2023-03-26,61,Female,Houston,United Kingdom
C100537,Avery,Martinez,user537@example.com,2023-06-12,33,Other,Seattle,United States
C100538,Chris,Johnson,user538@example.com,2023-04-26,30,Male,Los Angeles,Canada
C100539,Riley,Davis,user539@example.com,2025-03-02,37,Male,Dallas,United States
C100540,Lee,Thomas,user540@example.com,2023-01-02,31,Male,Chicago,United States
C100541,Jordan,Taylor,user541@example.com,2025-02-04,42,Female,Dallas,Australia
C100542,Avery,Garcia,user542@example.com,2025-01-03,31,Male,Miami,United Kingdom
C100543,Riley,Martinez,user543@example.com,2024-09-19,32,Male,Atlanta,United Kingdom
C100544,Avery,Anderson,user544@example.com,2023-02-13,44,Male,New York,Australia
C100545,Lee,Lopez,user545@example.com,2024-03-25,64,Female,Atlanta,Australia
C100546,Cameron,Lopez,user546@example.com,2023-11-20,38,Male,Dallas,United States
C100547,Pat,Lee,user547@example.com,2023-12-10,55,Female,Seattle,Canada
C100548,Taylor,Taylor,user548@example.com,2025-01-31,64,Female,Boston,United Kingdom
C100549,Morgan,Taylor,user549@example.com,2024-04-01,27,Male,Miami,Canada
C100550,Casey,Davis,user550@example.com,2024-02-19,48,Female,Seattle,Canada
C100551,Pat,Smith,user551@example.com,2024-10-09,51,Male,Dallas,Australia
C100552,Chris,Smith,user552@example.com,2024-12-10,63,Female,Boston,Canada
C100553,Pat,Davis,user553@example.com,2025-09-12,37,Female,New York,United States
C100554,Chris,Anderson,user554@example.com,2025-07-24,25,Female,Dallas,Australia
C100555,Casey,Wilson,user555@example.com,2024-09-07,37,Male,Chicago,Canada
C100556,Alex,Davis,user556@example.com,2024-10-14,38,Male,San Francisco,Australia
C100557,Lee,Anderson,user557@example.com,2023-01-22,41,Male,Boston,United States
C100558,Morgan,Garcia,user558@example.com,2024-01-31,56,Male,Dallas,United States
C100559,Cameron,Lopez,user559@example.com,2022-11-01,51,Male,Seattle,Canada
C100560,Jamie,Johnson,user560@example.com,2022-12-21,60,Male,Chicago,Australia
C100561,Jamie,Wilson,user561@example.com,2024-09-15,22,Male,Los Angeles,Canada
C100562,Lee,Martinez,user562@example.com,2024-10-17,47,Male,Boston,Canada
C100563,Sam,Wilson,user563@example.com,2024-01-23,29,Female,Chicago,Australia
C100564,Cameron,Johnson,user564@example.com,2025-03-30,54,Male,Seattle,Canada
C100565,Avery,Lee,user565@example.com,2024-03-02,48,Male,Dallas,United States
C100566,Riley,Taylor,user566@example.com,2022-12-04,34,Male,Atlanta,Australia
C100567,Alex,Lopez,user567@example.com,2023-02-03,52,Male,New York,Australia
C100568,Lee,Smith,user568@example.com,2025-10-31,26,Other,Atlanta,Australia
C100569,Jamie,Anderson,user569@example.com,2023-04-03,31,Male,San Francisco,Australia
C100570,Pat,Davis,user570@example.com,2023-07-08,49,Female,Chicago,Canada
C100571,Riley,Davis,user571@example.com,2024-09-04,40,Other,San Francisco,Canada
C100572,Alex,Smith,user572@example.com,2024-01-12,50,Female,New York,United States
C100573,Taylor,Wilson,user573@example.com,2023-02-26,43,Female,Chicago,United Kingdom
C100574,Taylor,Lopez,user574@example.com,2024-12-10,39,Female,Houston,United Kingdom
C100575,Cameron,Brown,user575@example.com,2023-07-26,56,Other,Seattle,United States
C100576,Riley,Anderson,user576@example.com,2025-10-13,23,Female,Chicago,United Kingdom
C100577,Lee,Thomas,user577@example.com,2023-06-24,47,Female,Seattle,United States
C100578,Chris,Garcia,user578@example.com,2023-11-24,63,Female,Atlanta,Canada
C100579,Chris,Johnson,user579@example.com,2025-07-17,39,Female,Miami,Australia
C100580,Pat,Wilson,user580@example.com,2024-12-02,43,Female,Boston,Australia
C100581,Alex,Taylor,user581@example.com,2023-12-06,51,Male,Miami,Canada
C100582,Alex,Taylor,user582@example.com,2024-07-16,60,Male,Dallas,Australia
C100583,Cameron,Martinez,user583@example.com,2024-12-06,55,Male,Boston,Australia
C100584,Riley,Lee,user584@example.com,2025-05-07,53,Male,Boston,United Kingdom
C100585,Jordan,Taylor,user585@example.com,2025-03-02,55,Male,Los Angeles,Canada
C100586,Taylor,Davis,user586@example.com,2024-05-31,21,Male,Boston,United Kingdom
C100587,Alex,Wilson,user587@example.com,2023-01-14,34,Female,New York,United Kingdom
C100588,Riley,Lee,user588@example.com,2024-01-09,53,Male,Miami,Australia
C100589,Cameron,Johnson,user589@example.com,2023-02-11,55,Female,Atlanta,Australia
C100590,Casey,Davis,user590@example.com,2024-12-03,25,Male,Seattle,Canada
C100591,Sam,Davis,user591@example.com,2024-11-07,58,Male,Dallas,Australia
C100592,Casey,Brown,user592@example.com,2025-01-14,61,Female,Boston,Australia
C100593,Cameron,Thomas,user593@example.com,2023-02-06,31,Female,Dallas,Canada
C100594,Morgan,Wilson,user594@example.com,2025-01-06,22,Male,Atlanta,Australia
C100595,Lee,Lopez,user595@example.com,2025-03-08,64,Female,Dallas,United Kingdom
C100596,Pat,Smith,user596@example.com,2024-01-09,37,Female,Atlanta,Canada
C100597,Alex,Smith,user597@example.com,2024-01-21,59,Male,Boston,Australia
C100598,Cameron,Garcia,user598@example.com,2023-07-07,40,Male,Atlanta,United States
C100599,Morgan,Martinez,user599@example.com,2023-04-15,34,Other,Boston,Canada
C100600,Jamie,Lee,user600@example.com,2025-07-11,52,Female,Los Angeles,Canada
C100601,Morgan,Wilson,user601@example.com,2025-08-16,54,Female,Los Angeles,United States
C100602,Drew,Taylor,user602@example.com,2024-04-25,45,Female,Atlanta,Australia
C100603,Avery,Anderson,user603@example.com,2024-11-28,27,Male,Los Angeles,Australia
C100604,Riley,Martinez,user604@example.com,2023-01-20,55,Male,Seattle,Canada
C100605,Alex,Brown,user605@example.com,2023-03-13,49,Male,Seattle,Canada
C100606,Sam,Taylor,user606@example.com,2025-01-05,42,Female,Los Angeles,Australia
C100607,Lee,Davis,user607@example.com,2025-04-18,61,Female,Los Angeles,Australia
C100608,Riley,Lopez,user608@example.com,2023-03-18,63,Female,Houston,United Kingdom
C100609,Drew,Wilson,user609@example.com,2023-05-03,33,Male,Houston,Canada
C100610,Riley,Thomas,user610@example.com,2024-12-24,33,Male,Boston,Canada
C100611,Drew,Martinez,user611@example.com,2025-07-11,21,Female,Atlanta,United States
C100612,Pat,Martinez,user612@example.com,2023-01-08,56,Female,San Francisco,United Kingdom
C100613,Pat,Lopez,user613@example.com,2024-04-29,24,Female,San Francisco,Australia
C100614,Taylor,Taylor,user614@example.com,2022-12-23,57,Male,Los Angeles,United Kingdom
C100615,Taylor,Garcia,user615@example.com,2023-05-24,64,Female,Dallas,Australia
C100616,Chris,Lee,user616@example.com,2023-03-06,60,Male,Los Angeles,Australia
C100617,Jordan,Taylor,user617@example.com,2022-12-13,33,Female,Houston,United Kingdom
C100618,Alex,Lee,user618@example.com,2023-02-19,58,Male,Boston,Canada
C100619,Cameron,Martinez,user619@example.com,2024-11-30,44,Female,Los Angeles,Australia
C100620,Alex,Johnson,user620@example.com,2025-02-25,39,Male,Miami,United Kingdom
C100621,Robin,Martinez,user621@example.com,2023-02-03,21,Female,Dallas,United States
C100622,Cameron,Martinez,user622@example.com,2025-04-18,58,Male,Miami,United Kingdom
C100623,Drew,Lopez,user623@example.com,2023-10-26,25,Male,Boston,United States
C100624,Morgan,Davis,user624@example.com,2025-04-18,36,Male,Boston,Australia
C100625,Alex,Lopez,user625@example.com,2023-08-08,44,Male,Seattle,United Kingdom
C100626,Alex,Wilson,user626@example.com,2024-08-28,47,Male,Chicago,United Kingdom
C100627,Jordan,Martinez,user627@example.com,2023-02-01,21,Female,Miami,United States
C100628,Jamie,Lee,user628@example.com,2024-09-02,54,Male,Seattle,United Kingdom
C100629,Cameron,Anderson,user629@example.com,2022-12-31,56,Female,Houston,United Kingdom
C100630,Taylor,Lee,user630@example.com,2024-07-26,24,Female,New York,Australia
C100631,Taylor,Thomas,user631@example.com,2025-10-10,20,Female,Dallas,United Kingdom
C100632,Sam,Taylor,user632@example.com,2025-08-25,59,Male,New York,Canada
C100633,Alex,Smith,user633@example.com,2024-06-26,31,Male,Atlanta,United States
C100634,Jordan,Thomas,user634@example.com,2024-09-12,55,Female,Houston,United Kingdom
C100635,Lee,Garcia,user635@example.com,2024-04-17,64,Other,Houston,United States
C100636,Taylor,Brown,user636@example.com,2025-02-15,42,Male,New York,United States
C100637,Jordan,Wilson,user637@example.com,2024-08-06,50,Male,Miami,United States
C100638,Casey,Wilson,user638@example.com,2023-06-21,30,Male,Chicago,United Kingdom
C100639,Avery,Garcia,user639@example.com,2024-04-07,29,Other,Miami,United Kingdom
C100640,Jamie,Anderson,user640@example.com,2023-10-12,22,Male,New York,United States
C100641,Alex,Brown,user641@example.com,2025-10-05,33,Male,Atlanta,Canada
C100642,Avery,Davis,user642@example.com,2024-04-29,35,Female,Miami,United States
C100643,Sam,Martinez,user643@example.com,2025-01-02,29,Male,San Francisco,Canada
C100644,Drew,Brown,user644@example.com,2023-07-07,48,Male,Miami,United States
C100645,Morgan,Anderson,user645@example.com,2022-12-17,29,Female,Boston,Australia
C100646,Taylor,Johnson,user646@example.com,2023-06-02,31,Female,Seattle,United States
C100647,Casey,Smith,user647@example.com,2023-06-27,49,Male,Dallas,United States
C100648,Lee,Brown,user648@example.com,2025-10-15,60,Male,Miami,United Kingdom
C100649,Drew,Brown,user649@example.com,2023-10-16,20,Male,Chicago,Canada
C100650,Jordan,Smith,user650@example.com,2023-02-15,24,Male,Chicago,Australia
C100651,Pat,Martinez,user651@example.com,2025-02-08,39,Female,Miami,Canada
C100652,Riley,Brown,user652@example.com,2022-12-18,27,Male,Los Angeles,Australia
C100653,Alex,Smith,user653@example.com,2023-10-03,62,Male,Houston,United States
C100654,Alex,Smith,user654@example.com,2025-09-15,31,Male,Miami,United Kingdom
C100655,Casey,Smith,user655@example.com,2025-01-12,20,Female,Houston,United Kingdom
C100656,Jordan,Lopez,user656@example.com,2022-11-08,39,Female,San Francisco,Canada
C100657,Chris,Anderson,user657@example.com,2024-07-17,47,Female,New York,United Kingdom
C100658,Alex,Lopez,user658@example.com,2024-10-19,62,Male,San Francisco,Canada
C100659,Chris,Johnson,user659@example.com,2023-08-30,56,Female,Miami,Canada
C100660,Lee,Thomas,user660@example.com,2024-07-31,56,Female,Chicago,Australia
C100661,Pat,Davis,user661@example.com,2022-12-26,31,Male,Los Angeles,Canada
C100662,Casey,Lopez,user662@example.com,2024-10-26,56,Male,Atlanta,Australia
C100663,Drew,Lopez,user663@example.com,2024-04-09,63,Male,Houston,United Kingdom
C100664,Avery,Thomas,user664@example.com,2024-02-17,47,Male,Seattle,Canada
C100665,Jordan,Anderson,user665@example.com,2022-11-28,34,Male,Houston,Canada
C100666,Jordan,Thomas,user666@example.com,2023-01-17,25,Male,Boston,United States
C100667,Robin,Davis,user667@example.com,2023-10-31,63,Male,Dallas,Canada
C100668,Lee,Garcia,user668@example.com,2024-08-27,39,Female,Miami,Canada
C100669,Lee,Smith,user669@example.com,2024-04-09,33,Male,San Francisco,United States
C100670,Jamie,Taylor,user670@example.com,2024-09-29,21,Female,Seattle,United States
C100671,Riley,Wilson,user671@example.com,2025-04-01,28,Female,Chicago,United Kingdom
C100672,Taylor,Davis,user672@example.com,2025-08-27,56,Female,Chicago,Canada
C100673,Cameron,Johnson,user673@example.com,2025-08-23,39,Female,Chicago,United Kingdom
C100674,Taylor,Martinez,user674@example.com,2025-05-07,45,Male,Atlanta,United Kingdom
C100675,Robin,Johnson,user675@example.com,2024-11-19,48,Female,Boston,United States
C100676,Morgan,Smith,user676@example.com,2023-10-29,20,Male,Chicago,Australia
C100677,Sam,Davis,user677@example.com,2025-01-14,54,Male,Chicago,United Kingdom
C100678,Casey,Johnson,user678@example.com,2024-11-08,25,Female,Miami,Australia
C100679,Pat,Johnson,user679@example.com,2025-09-04,56,Male,Boston,Canada
C100680,Jordan,Thomas,user680@example.com,2024-02-28,24,Male,Los Angeles,United States
C100681,Riley,Garcia,user681@example.com,2022-11-28,52,Female,Los Angeles,Canada
C100682,Chris,Garcia,user682@example.com,2024-10-14,33,Female,Boston,Canada
C100683,Casey,Davis,user683@example.com,2025-09-28,31,Female,Dallas,United States
C100684,Morgan,Smith,user684@example.com,2023-01-25,61,Male,Atlanta,Canada
C100685,Avery,Lopez,user685@example.com,2023-03-06,39,Female,Seattle,United States
C100686,Casey,Lee,user686@example.com,2025-01-20,43,Male,Houston,Australia
C100687,Morgan,Brown,user687@example.com,2024-04-20,62,Female,Miami,Canada
C100688,Jordan,Wilson,user688@example.com,2023-03-25,53,Female,New York,United States
C100689,Sam,Brown,user689@example.com,2022-11-25,44,Female,Los Angeles,United Kingdom
C100690,Morgan,Anderson,user690@example.com,2023-01-06,48,Female,Boston,Canada
C100691,Jordan,Taylor,user691@example.com,2023-06-21,58,Male,Seattle,Australia
C100692,Jordan,Garcia,user692@example.com,2023-02-17,50,Female,Boston,United States
C100693,Sam,Davis,user693@example.com,2023-02-19,62,Female,Houston,Canada
C100694,Taylor,Brown,user694@example.com,2023-06-16,42,Male,Seattle,Canada
C100695,Casey,Smith,user695@example.com,2023-02-19,63,Female,Los Angeles,Canada
C100696,Robin,Wilson,user696@example.com,2022-12-04,57,Male,Chicago,Australia
C100697,Alex,Brown,user697@example.com,2024-07-15,39,Female,Boston,United States
C100698,Alex,Wilson,user698@example.com,2024-11-17,42,Female,New York,United Kingdom
C100699,Robin,Martinez,user699@example.com,2024-06-17,64,Female,Los Angeles,United Kingdom
C100700,Avery,Smith,user700@example.com,2023-12-30,35,Male,San Francisco,United Kingdom
C100701,Chris,Taylor,user701@example.com,2024-07-05,61,Female,New York,United States
C100702,Lee,Lee,user702@example.com,2024-09-22,27,Female,Dallas,United Kingdom
C100703,Chris,Thomas,user703@example.com,2023-09-11,40,Female,Atlanta,Australia
C100704,Lee,Johnson,user704@example.com,2025-03-26,20,Male,Los Angeles,United States
C100705,Robin,Wilson,user705@example.com,2024-08-23,27,Male,Chicago,Canada
C100706,Alex,Taylor,user706@example.com,2023-08-04,48,Female,Los Angeles,Australia
C100707,Pat,Smith,user707@example.com,2024-07-16,51,Male,Houston,Canada
C100708,Alex,Wilson,user708@example.com,2024-03-30,57,Female,Seattle,United Kingdom
C100709,Chris,Wilson,user709@example.com,2025-02-20,24,Female,Boston,Australia
C100710,Riley,Lopez,user710@example.com,2023-10-16,41,Female,Seattle,United States
C100711,Robin,Lopez,user711@example.com,2025-01-31,53,Female,Seattle,Australia
C100712,Avery,Thomas,user712@example.com,2024-11-28,20,Female,Los Angeles,Canada
C100713,Chris,Taylor,user713@example.com,2025-04-17,45,Male,Houston,United States
C100714,Pat,Smith,user714@example.com,2023-07-01,62,Male,Boston,Australia
C100715,Casey,Thomas,user715@example.com,2024-04-26,29,Male,Boston,Australia
C100716,Lee,Lopez,user716@example.com,2025-09-29,49,Male,Seattle,Australia
C100717,Alex,Anderson,user717@example.com,2023-06-17,37,Female,Dallas,Australia
C100718,Avery,Lee,user718@example.com,2024-05-01,36,Female,Atlanta,United States
C100719,Sam,Thomas,user719@example.com,2025-05-08,45,Female,Houston,Canada
C100720,Riley,Davis,user720@example.com,2022-11-06,27,Female,Dallas,Australia
C100721,Jordan,Thomas,user721@example.com,2024-02-11,59,Other,Miami,United States
C100722,Pat,Smith,user722@example.com,2023-01-14,31,Female,Miami,Canada
C100723,Chris,Smith,user723@example.com,2022-11-04,46,Female,New York,Australia
C100724,Lee,Anderson,user724@example.com,2024-08-07,27,Female,Seattle,Canada
C100725,Sam,Garcia,user725@example.com,2023-02-26,44,Male,Boston,Canada
C100726,Avery,Garcia,user726@example.com,2025-03-30,23,Male,Los Angeles,United States
C100727,Cameron,Lopez,user727@example.com,2024-03-18,52,Male,Boston,Canada
C100728,Morgan,Davis,user728@example.com,2025-06-04,20,Female,Boston,United States
C100729,Taylor,Lopez,user729@example.com,2024-05-27,38,Female,Chicago,Australia
C100730,Alex,Martinez,user730@example.com,2023-05-13,50,Male,Boston,Canada
C100731,Drew,Martinez,user731@example.com,2025-02-24,35,Male,New York,Canada
C100732,Taylor,Johnson,user732@example.com,2024-10-15,33,Female,Dallas,United Kingdom
C100733,Pat,Martinez,user733@example.com,2025-09-15,24,Male,Miami,Australia
C100734,Morgan,Garcia,user734@example.com,2023-04-22,60,Male,Boston,Australia
C100735,Cameron,Lee,user735@example.com,2023-09-22,45,Female,Boston,United Kingdom
C100736,Morgan,Martinez,user736@example.com,2025-02-13,47,Male,Chicago,United Kingdom
C100737,Avery,Lopez,user737@example.com,2024-10-24,21,Male,Houston,United States
C100738,Morgan,Wilson,user738@example.com,2023-06-13,25,Female,Los Angeles,United States
C100739,Jordan,Smith,user739@example.com,2024-04-15,28,Female,Houston,Canada
C100740,Pat,Lee,user740@example.com,2023-02-21,52,Female,Los Angeles,Canada
C100741,Drew,Lee,user741@example.com,2023-03-20,60,Male,Atlanta,Canada
C100742,Casey,Thomas,user742@example.com,2024-05-12,44,Male,Boston,Canada
C100743,Taylor,Lopez,user743@example.com,2022-11-01,32,Male,Chicago,United States
C100744,Drew,Smith,user744@example.com,2023-01-29,28,Female,San Francisco,Australia
C100745,Casey,Garcia,user745@example.com,2024-08-15,32,Female,Seattle,Canada
C100746,Sam,Lee,user746@example.com,2023-09-16,50,Male,Miami,Australia
C100747,Cameron,Johnson,user747@example.com,2023-03-19,60,Female,Dallas,Canada
C100748,Jamie,Lopez,user748@example.com,2025-02-22,30,Male,Miami,United Kingdom
C100749,Riley,Lee,user749@example.com,2023-07-17,23,Male,Dallas,Canada
C100750,Riley,Davis,user750@example.com,2025-04-20,53,Male,Atlanta,Canada
C100751,Casey,Taylor,user751@example.com,2024-09-20,57,Male,Houston,Canada
C100752,Jamie,Thomas,user752@example.com,2022-11-10,23,Female,New York,United States
C100753,Avery,Smith,user753@example.com,2023-07-19,57,Female,Boston,United Kingdom
C100754,Drew,Martinez,user754@example.com,2023-04-21,38,Male,San Francisco,Canada
C100755,Jamie,Lee,user755@example.com,2025-04-16,25,Female,Dallas,Canada
C100756,Alex,Lopez,user756@example.com,2022-11-13,53,Male,Seattle,Australia
C100757,Sam,Martinez,user757@example.com,2023-09-17,37,Female,Dallas,United Kingdom
C100758,Pat,Taylor,user758@example.com,2023-09-25,32,Female,New York,Canada
C100759,Jamie,Johnson,user759@example.com,2024-12-24,60,Male,Miami,Australia
C100760,Chris,Martinez,user760@example.com,2024-12-16,42,Female,Chicago,Australia
C100761,Robin,Davis,user761@example.com,2025-04-29,38,Male,Miami,United States
C100762,Avery,Garcia,user762@example.com,2023-09-14,64,Male,Atlanta,Australia
C100763,Riley,Lee,user763@example.com,2023-06-24,30,Male,Chicago,Canada
C100764,Chris,Brown,user764@example.com,2023-09-30,20,Female,Miami,United States
C100765,Sam,Brown,user765@example.com,2023-11-11,43,Female,Seattle,United States
C100766,Jamie,Martinez,user766@example.com,2024-06-10,26,Male,Miami,Canada
C100767,Taylor,Anderson,user767@example.com,2024-03-27,44,Female,Seattle,United Kingdom
C100768,Riley,Smith,user768@example.com,2025-05-06,40,Female,Seattle,Australia
C100769,Alex,Thomas,user769@example.com,2025-03-22,34,Female,Chicago,United States
C100770,Lee,Brown,user770@example.com,2023-07-28,20,Female,Houston,United Kingdom
C100771,Alex,Anderson,user771@example.com,2025-01-06,31,Female,Los Angeles,Canada
C100772,Robin,Brown,user772@example.com,2024-10-25,26,Male,Boston,Australia
C100773,Morgan,Anderson,user773@example.com,2022-11-05,34,Male,Dallas,Australia
C100774,Lee,Smith,user774@example.com,2025-02-28,40,Other,Los Angeles,United States
C100775,Jordan,Wilson,user775@example.com,2023-01-17,38,Male,New York,Australia
C100776,Jamie,Brown,user776@example.com,2024-05-27,48,Other,Houston,Australia
C100777,Sam,Davis,user777@example.com,2023-03-12,44,Female,Los Angeles,Australia
C100778,Riley,Taylor,user778@example.com,2024-06-23,52,Male,Chicago,Australia
C100779,Jordan,Lee,user779@example.com,2025-10-01,51,Male,New York,Canada
C100780,Sam,Anderson,user780@example.com,2023-01-28,54,Male,San Francisco,United Kingdom
C100781,Robin,Taylor,user781@example.com,2023-12-07,63,Female,Houston,Canada
C100782,Casey,Lee,user782@example.com,2023-08-23,57,Male,Los Angeles,Canada
C100783,Jamie,Lopez,user783@example.com,2024-07-08,45,Male,New York,United States
C100784,Pat,Lopez,user784@example.com,2025-01-08,30,Male,San Francisco,Australia
C100785,Pat,Thomas,user785@example.com,2023-12-27,54,Male,Miami,Canada
C100786,Jamie,Taylor,user786@example.com,2025-09-12,27,Female,New York,Australia
C100787,Lee,Smith,user787@example.com,2024-05-28,33,Male,Chicago,Canada
C100788,Morgan,Anderson,user788@example.com,2023-03-23,29,Female,Miami,Canada
C100789,Morgan,Johnson,user789@example.com,2025-07-20,21,Male,Chicago,United States
C100790,Lee,Lopez,user790@example.com,2024-08-26,28,Male,Los Angeles,United Kingdom
C100791,Drew,Smith,user791@example.com,2023-03-25,22,Male,Boston,United Kingdom
C100792,Cameron,Taylor,user792@example.com,2025-08-03,40,Male,Los Angeles,Canada
C100793,Pat,Lopez,user793@example.com,2024-03-17,45,Other,Miami,United States
C100794,Taylor,Lopez,user794@example.com,2025-01-29,27,Female,Seattle,Australia
C100795,Lee,Johnson,user795@example.com,2023-02-12,21,Male,Los Angeles,Australia
C100796,Riley,Brown,user796@example.com,2025-09-28,25,Female,Miami,Canada
C100797,Pat,Martinez,user797@example.com,2023-05-17,47,Male,New York,United Kingdom
C100798,Taylor,Taylor,user798@example.com,2024-06-01,48,Male,Atlanta,United States
C100799,Robin,Thomas,user799@example.com,2023-11-26,45,Other,Los Angeles,United Kingdom
C100800,Jordan,Wilson,user800@example.com,2024-05-07,44,Female,New York,Australia
C100801,Taylor,Lopez,user801@example.com,2025-09-04,31,Other,Chicago,United Kingdom
C100802,Jordan,Taylor,user802@example.com,2024-02-21,24,Male,Houston,Australia
C100803,Cameron,Lopez,user803@example.com,2025-05-11,53,Female,Boston,United States
C100804,Sam,Davis,user804@example.com,2023-12-25,56,Male,Chicago,United States
C100805,Avery,Wilson,user805@example.com,2023-04-06,34,Male,Chicago,Canada
C100806,Chris,Johnson,user806@example.com,2024-05-03,63,Female,Miami,Canada
C100807,Sam,Lee,user807@example.com,2025-08-17,55,Male,Seattle,United Kingdom
C100808,Pat,Anderson,user808@example.com,2025-07-24,34,Female,Dallas,United States
C100809,Jordan,Lopez,user809@example.com,2025-06-08,62,Female,Atlanta,United States
C100810,Pat,Martinez,user810@example.com,2023-08-16,42,Male,Seattle,Canada
C100811,Cameron,Anderson,user811@example.com,2023-05-15,25,Female,Miami,Australia
C100812,Lee,Wilson,user812@example.com,2024-06-20,63,Female,Boston,United Kingdom
C100813,Jamie,Anderson,user813@example.com,2024-03-31,62,Male,Atlanta,United Kingdom
C100814,Riley,Brown,user814@example.com,2025-03-14,64,Female,Atlanta,Canada
C100815,Alex,Lopez,user815@example.com,2025-01-14,40,Female,Miami,United States
C100816,Pat,Anderson,user816@example.com,2025-01-23,42,Male,San Francisco,Canada
C100817,Riley,Lee,user817@example.com,2023-06-16,62,Female,Chicago,Canada
C100818,Lee,Lee,user818@example.com,2023-06-04,35,Other,Houston,Canada
C100819,Taylor,Lopez,user819@example.com,2025-06-05,34,Male,San Francisco,Canada
C100820,Lee,Garcia,user820@example.com,2022-11-15,44,Female,Miami,Australia
C100821,Robin,Lee,user821@example.com,2022-12-17,55,Male,San Francisco,Australia
C100822,Sam,Anderson,user822@example.com,2023-09-20,30,Female,Houston,United States
C100823,Drew,Thomas,user823@example.com,2025-02-21,34,Female,Miami,Canada
C100824,Taylor,Smith,user824@example.com,2023-03-10,23,Male,Miami,Australia
C100825,Alex,Lee,user825@example.com,2023-02-03,40,Male,Atlanta,United States
C100826,Jordan,Taylor,user826@example.com,2024-07-19,32,Female,San Francisco,Canada
C100827,Jamie,Wilson,user827@example.com,2024-11-24,41,Male,New York,United Kingdom
C100828,Riley,Garcia,user828@example.com,2025-01-02,38,Female,Los Angeles,Australia
C100829,Jamie,Taylor,user829@example.com,2023-01-08,53,Male,Miami,United States
C100830,Chris,Anderson,user830@example.com,2022-11-11,33,Female,San Francisco,United Kingdom
C100831,Cameron,Johnson,user831@example.com,2025-03-21,23,Female,Dallas,Canada
C100832,Lee,Davis,user832@example.com,2024-05-03,46,Female,Boston,Canada
C100833,Pat,Johnson,user833@example.com,2024-10-12,48,Male,Dallas,Canada
C100834,Jordan,Brown,user834@example.com,2022-11-23,47,Female,San Francisco,Australia
C100835,Chris,Taylor,user835@example.com,2025-01-23,54,Female,Chicago,United States
C100836,Lee,Davis,user836@example.com,2023-10-12,27,Male,Chicago,United Kingdom
C100837,Casey,Brown,user837@example.com,2023-08-29,35,Male,San Francisco,United States
C100838,Pat,Davis,user838@example.com,2023-10-29,61,Male,Atlanta,Australia
C100839,Taylor,Davis,user839@example.com,2023-12-01,55,Female,Atlanta,United States
C100840,Sam,Smith,user840@example.com,2023-06-06,49,Female,Miami,Australia
C100841,Avery,Martinez,user841@example.com,2023-03-21,37,Male,Houston,Canada
C100842,Riley,Wilson,user842@example.com,2025-06-15,21,Female,Los Angeles,United Kingdom
C100843,Drew,Johnson,user843@example.com,2025-07-12,32,Male,Miami,Canada
C100844,Robin,Lee,user844@example.com,2025-07-20,23,Male,Dallas,United States
C100845,Alex,Anderson,user845@example.com,2025-02-05,45,Other,Los Angeles,Canada
C100846,Alex,Garcia,user846@example.com,2024-09-13,44,Female,Dallas,United Kingdom
C100847,Drew,Wilson,user847@example.com,2025-07-31,49,Female,Atlanta,Canada
C100848,Taylor,Brown,user848@example.com,2023-10-22,30,Male,San Francisco,United Kingdom
C100849,Morgan,Smith,user849@example.com,2025-08-04,26,Female,Houston,United Kingdom
C100850,Alex,Brown,user850@example.com,2025-04-06,50,Female,Dallas,Canada
C100851,Riley,Martinez,user851@example.com,2023-03-07,63,Male,Atlanta,Australia
C100852,Taylor,Garcia,user852@example.com,2025-08-05,29,Female,Houston,United States
C100853,Jordan,Smith,user853@example.com,2024-06-26,58,Female,Miami,Australia
C100854,Alex,Brown,user854@example.com,2025-08-10,32,Female,San Francisco,Australia
C100855,Jamie,Martinez,user855@example.com,2022-12-21,50,Male,Boston,Canada
C100856,Taylor,Anderson,user856@example.com,2025-09-18,26,Female,Chicago,United States
C100857,Riley,Anderson,user857@example.com,2024-12-18,61,Female,Seattle,United States
C100858,Drew,Brown,user858@example.com,2025-01-22,61,Male,Houston,Australia
C100859,Avery,Wilson,user859@example.com,2023-12-25,55,Female,Boston,Canada
C100860,Jamie,Garcia,user860@example.com,2025-07-10,39,Female,Boston,United States
C100861,Pat,Lopez,user861@example.com,2025-02-02,23,Male,Houston,Australia
C100862,Pat,Wilson,user862@example.com,2025-08-21,26,Male,Boston,United States
C100863,Alex,Anderson,user863@example.com,2024-05-20,20,Female,Dallas,Canada
C100864,Jamie,Garcia,user864@example.com,2023-11-06,63,Female,Boston,Canada
C100865,Sam,Martinez,user865@example.com,2025-05-24,64,Female,Atlanta,Canada
C100866,Lee,Smith,user866@example.com,2024-08-22,61,Male,Los Angeles,United States
C100867,Pat,Thomas,user867@example.com,2025-06-26,32,Other,Dallas,United Kingdom
C100868,Sam,Taylor,user868@example.com,2023-05-21,41,Male,Boston,United States
C100869,Jordan,Davis,user869@example.com,2023-09-09,40,Male,Miami,United Kingdom
C100870,Taylor,Brown,user870@example.com,2023-02-25,41,Female,Chicago,Canada
C100871,Lee,Thomas,user871@example.com,2025-05-25,47,Male,San Francisco,Australia
C100872,Chris,Johnson,user872@example.com,2024-05-28,28,Male,Boston,United Kingdom
C100873,Cameron,Garcia,user873@example.com,2023-07-02,45,Male,New York,Canada
C100874,Riley,Taylor,user874@example.com,2024-04-20,28,Male,Chicago,Canada
C100875,Robin,Lee,user875@example.com,2023-01-14,34,Male,Miami,United Kingdom
C100876,Cameron,Martinez,user876@example.com,2023-11-21,29,Other,Atlanta,Australia
C100877,Cameron,Lopez,user877@example.com,2024-02-18,43,Male,Boston,Canada
C100878,Taylor,Davis,user878@example.com,2023-12-23,61,Female,Atlanta,United Kingdom
C100879,Drew,Lee,user879@example.com,2023-10-13,27,Female,Boston,Australia
C100880,Lee,Lopez,user880@example.com,2024-08-01,43,Female,Seattle,Australia
C100881,Riley,Johnson,user881@example.com,2025-05-27,35,Male,Los Angeles,Canada
C100882,Lee,Anderson,user882@example.com,2025-06-12,45,Female,Atlanta,United States
C100883,Jamie,Wilson,user883@example.com,2025-03-25,46,Female,Los Angeles,United States
C100884,Jordan,Brown,user884@example.com,2024-12-02,56,Female,Chicago,Canada
C100885,Casey,Smith,user885@example.com,2024-08-25,23,Female,Seattle,Australia
C100886,Robin,Lopez,user886@example.com,2022-11-25,43,Female,San Francisco,Canada
C100887,Alex,Davis,user887@example.com,2024-10-10,38,Male,Dallas,United Kingdom
C100888,Lee,Thomas,user888@example.com,2023-04-26,55,Female,Los Angeles,United States
C100889,Riley,Garcia,user889@example.com,2023-08-12,58,Female,Seattle,United Kingdom
C100890,Riley,Anderson,user890@example.com,2023-01-02,29,Female,Los Angeles,Canada
C100891,Jamie,Garcia,user891@example.com,2025-07-30,44,Other,Houston,Canada
C100892,Sam,Davis,user892@example.com,2024-08-23,37,Male,Miami,Australia
C100893,Taylor,Garcia,user893@example.com,2024-08-27,38,Other,San Francisco,Australia
C100894,Drew,Lopez,user894@example.com,2023-04-05,55,Male,Miami,Australia
C100895,Casey,Thomas,user895@example.com,2025-10-08,29,Male,Boston,United Kingdom
C100896,Morgan,Martinez,user896@example.com,2025-06-24,52,Male,Los Angeles,Australia
C100897,Alex,Garcia,user897@example.com,2025-02-26,24,Male,Boston,Canada
C100898,Chris,Wilson,user898@example.com,2024-09-19,54,Female,New York,Australia
C100899,Morgan,Thomas,user899@example.com,2023-03-28,63,Male,Los Angeles,United States
C100900,Cameron,Johnson,user900@example.com,2023-10-08,53,Male,Seattle,Australia
C100901,Taylor,Smith,user901@example.com,2024-02-19,52,Female,San Francisco,United Kingdom
C100902,Cameron,Lopez,user902@example.com,2025-10-22,40,Female,Boston,United States
C100903,Cameron,Taylor,user903@example.com,2024-05-14,36,Female,Los Angeles,United States
C100904,Alex,Lee,user904@example.com,2023-09-23,41,Female,New York,United States
C100905,Riley,Thomas,user905@example.com,2025-07-17,56,Female,Miami,United Kingdom
C100906,Avery,Taylor,user906@example.com,2023-06-03,34,Male,Seattle,Canada
C100907,Chris,Taylor,user907@example.com,2024-01-09,54,Male,Houston,Australia
C100908,Lee,Taylor,user908@example.com,2025-06-09,47,Female,Los Angeles,United States
C100909,Sam,Davis,user909@example.com,2024-10-23,26,Male,Houston,United States
C100910,Casey,Anderson,user910@example.com,2022-12-02,51,Female,Chicago,United States
C100911,Lee,Thomas,user911@example.com,2024-08-31,30,Male,San Francisco,Canada
C100912,Drew,Lopez,user912@example.com,2023-08-12,29,Male,Los Angeles,Canada
C100913,Sam,Martinez,user913@example.com,2024-01-03,28,Female,Atlanta,United Kingdom
C100914,Jordan,Taylor,user914@example.com,2023-08-13,33,Female,New York,Canada
C100915,Avery,Anderson,user915@example.com,2025-09-08,32,Female,Boston,Australia
C100916,Jamie,Wilson,user916@example.com,2022-11-18,44,Female,Atlanta,United Kingdom
C100917,Alex,Davis,user917@example.com,2024-12-08,21,Male,Chicago,United Kingdom
C100918,Lee,Anderson,user918@example.com,2024-06-12,54,Male,San Francisco,Australia
C100919,Sam,Garcia,user919@example.com,2025-08-06,26,Female,Miami,Australia
C100920,Avery,Lopez,user920@example.com,2023-05-13,40,Female,Seattle,Australia
C100921,Morgan,Johnson,user921@example.com,2024-03-16,37,Male,Houston,United Kingdom
C100922,Jamie,Davis,user922@example.com,2025-07-15,22,Female,Chicago,United Kingdom
C100923,Sam,Brown,user923@example.com,2023-02-22,61,Male,Boston,United Kingdom
C100924,Pat,Wilson,user924@example.com,2025-06-04,58,Male,Seattle,Australia
C100925,Cameron,Taylor,user925@example.com,2025-02-08,60,Male,Miami,Australia
C100926,Jordan,Smith,user926@example.com,2025-05-13,30,Female,Boston,United States
C100927,Taylor,Davis,user927@example.com,2022-12-25,58,Female,New York,Canada
C100928,Lee,Martinez,user928@example.com,2025-01-08,43,Male,Houston,United States
C100929,Cameron,Lopez,user929@example.com,2024-12-17,38,Female,Atlanta,Australia
C100930,Drew,Garcia,user930@example.com,2023-04-11,23,Male,Los Angeles,United Kingdom
C100931,Casey,Smith,user931@example.com,2023-01-26,45,Male,Chicago,Australia
C100932,Avery,Smith,user932@example.com,2022-12-25,57,Male,Los Angeles,Canada
C100933,Jordan,Wilson,user933@example.com,2025-08-28,61,Male,Seattle,United States
C100934,Jamie,Anderson,user934@example.com,2025-02-10,51,Male,Los Angeles,United States
C100935,Pat,Martinez,user935@example.com,2023-09-09,58,Female,Atlanta,United Kingdom
C100936,Alex,Anderson,user936@example.com,2024-11-28,64,Female,Dallas,United States
C100937,Morgan,Garcia,user937@example.com,2024-01-17,55,Female,Seattle,United States
C100938,Casey,Smith,user938@example.com,2023-09-24,59,Male,Houston,Australia
C100939,Lee,Martinez,user939@example.com,2025-10-13,56,Male,Boston,United States
C100940,Avery,Martinez,user940@example.com,2024-11-30,52,Male,Houston,United States
C100941,Casey,Lee,user941@example.com,2024-06-01,55,Male,Los Angeles,United States
C100942,Jordan,Lopez,user942@example.com,2025-10-10,22,Female,San Francisco,United Kingdom
C100943,Avery,Smith,user943@example.com,2025-08-03,28,Male,Seattle,United Kingdom
C100944,Jamie,Smith,user944@example.com,2023-02-04,27,Female,Boston,Australia
C100945,Alex,Martinez,user945@example.com,2025-01-22,52,Female,Miami,United States
C100946,Riley,Anderson,user946@example.com,2024-03-05,25,Male,New York,United Kingdom
C100947,Drew,Smith,user947@example.com,2024-01-26,60,Female,Houston,United Kingdom
C100948,Pat,Martinez,user948@example.com,2023-04-14,58,Female,Houston,Australia
C100949,Lee,Smith,user949@example.com,2023-05-01,23,Female,Seattle,Canada
C100950,Riley,Martinez,user950@example.com,2024-02-12,32,Female,San Francisco,United States
C100951,Morgan,Lee,user951@example.com,2025-04-28,21,Male,Los Angeles,United Kingdom
C100952,Alex,Lopez,user952@example.com,2024-11-04,24,Male,Los Angeles,Australia
C100953,Robin,Martinez,user953@example.com,2025-01-31,63,Male,Seattle,Australia
C100954,Robin,Thomas,user954@example.com,2025-06-01,46,Male,Houston,Australia
C100955,Alex,Smith,user955@example.com,2022-11-07,51,Female,Boston,United Kingdom
C100956,Pat,Garcia,user956@example.com,2023-09-26,40,Male,New York,United States
C100957,Chris,Lopez,user957@example.com,2024-12-14,27,Female,Seattle,Canada
C100958,Riley,Lee,user958@example.com,2023-03-31,57,Female,Boston,United States
C100959,Sam,Taylor,user959@example.com,2023-03-27,27,Male,Boston,Australia
C100960,Casey,Martinez,user960@example.com,2025-05-03,22,Male,Miami,Australia
C100961,Lee,Garcia,user961@example.com,2024-09-30,63,Female,Atlanta,Canada
C100962,Chris,Martinez,user962@example.com,2023-01-21,22,Female,Dallas,United States
C100963,Sam,Anderson,user963@example.com,2024-03-28,41,Female,New York,Australia
C100964,Drew,Smith,user964@example.com,2025-01-23,25,Male,Chicago,Australia
C100965,Jamie,Davis,user965@example.com,2024-10-09,21,Male,San Francisco,United States
C100966,Lee,Wilson,user966@example.com,2024-11-15,42,Male,Dallas,Australia
C100967,Lee,Johnson,user967@example.com,2025-08-19,63,Male,Miami,United States
C100968,Robin,Anderson,user968@example.com,2024-10-07,21,Female,New York,Australia
C100969,Pat,Garcia,user969@example.com,2024-02-14,57,Female,Los Angeles,United States
C100970,Jamie,Anderson,user970@example.com,2023-12-01,36,Female,Dallas,Canada
C100971,Casey,Brown,user971@example.com,2023-07-19,54,Female,Los Angeles,Australia
C100972,Taylor,Martinez,user972@example.com,2025-01-13,53,Female,San Francisco,Canada
C100973,Sam,Martinez,user973@example.com,2025-05-22,42,Male,Los Angeles,Australia
C100974,Robin,Thomas,user974@example.com,2025-04-23,49,Male,San Francisco,Australia
C100975,Lee,Johnson,user975@example.com,2025-10-12,27,Female,New York,United Kingdom
C100976,Chris,Johnson,user976@example.com,2025-05-28,41,Male,Houston,United States
C100977,Cameron,Brown,user977@example.com,2025-03-03,63,Female,San Francisco,Canada
C100978,Robin,Smith,user978@example.com,2024-06-15,55,Female,Boston,Canada
C100979,Sam,Wilson,user979@example.com,2024-10-14,24,Male,Chicago,Canada
C100980,Sam,Davis,user980@example.com,2024-07-24,32,Female,Chicago,United States
C100981,Cameron,Taylor,user981@example.com,2022-12-29,48,Female,Seattle,United Kingdom
C100982,Pat,Davis,user982@example.com,2023-03-08,50,Female,Chicago,Canada
C100983,Lee,Lee,user983@example.com,2024-11-05,35,Female,Seattle,United States
C100984,Jamie,Thomas,user984@example.com,2024-10-21,61,Female,Chicago,Australia
C100985,Riley,Taylor,user985@example.com,2024-04-09,49,Male,San Francisco,Canada
C100986,Drew,Lee,user986@example.com,2024-04-04,35,Male,Boston,Canada
C100987,Taylor,Smith,user987@example.com,2024-05-05,31,Female,Houston,United Kingdom
C100988,Pat,Lee,user988@example.com,2023-06-25,36,Female,Los Angeles,Canada
C100989,Morgan,Lee,user989@example.com,2024-03-08,35,Male,Miami,Canada
C100990,Drew,Brown,user990@example.com,2022-11-04,31,Male,Chicago,Australia
C100991,Lee,Brown,user991@example.com,2024-08-27,27,Female,Houston,United States
C100992,Pat,Lee,user992@example.com,2024-01-16,39,Female,Houston,United States
C100993,Casey,Anderson,user993@example.com,2022-11-29,22,Female,San Francisco,United Kingdom
C100994,Taylor,Taylor,user994@example.com,2024-07-02,35,Female,New York,Australia
C100995,Robin,Lopez,user995@example.com,2025-01-13,49,Male,New York,United States
C100996,Cameron,Lopez,user996@example.com,2023-01-14,64,Male,Chicago,Australia
C100997,Alex,Smith,user997@example.com,2025-02-15,42,Female,Miami,United States
C100998,Morgan,Davis,user998@example.com,2023-03-08,47,Male,Chicago,Australia
C100999,Jordan,Thomas,user999@example.com,2022-12-12,59,Male,Chicago,United Kingdom
C101000,Avery,Johnson,user1000@example.com,2022-12-11,24,Male,Seattle,Canada
